{"0.0":42.7622138365,"1.0":42.8014937823,"2.0":43.5317641828,"3.0":45.3779463103,"4.0":47.5234968602,"5.0":47.1614131502,"6.0":45.3473625932,"7.0":40.6010412786,"8.0":37.3166049598,"9.0":37.9971734553,"10.0":40.2987909312,"11.0":40.7632572492,"12.0":40.0933060147,"13.0":39.9278862075,"14.0":38.4198137231,"15.0":36.6625837592,"16.0":35.8814828053,"17.0":36.4350435217,"18.0":37.2144517805,"19.0":38.8307795523,"20.0":40.6562665729,"21.0":41.7690709784,"22.0":41.7530392045,"23.0":42.3084160651}