{"0.0":42.3593858046,"1.0":42.1746946163,"2.0":42.9056853866,"3.0":43.6702190513,"4.0":44.346026284,"5.0":44.7478730467,"6.0":45.4689985353,"7.0":45.7957040262,"8.0":45.9564615463,"9.0":44.745673454,"10.0":43.368751229,"11.0":42.1127089319,"12.0":41.4152200507,"13.0":40.468658528,"14.0":39.478961989,"15.0":39.6285720971,"16.0":39.6598104719,"17.0":38.5075540991,"18.0":38.758754249,"19.0":40.0154315101,"20.0":41.3001339291,"21.0":41.6298049946,"22.0":41.7332764204,"23.0":42.4690661528}